{
    "total_ads": 1461108,
    "by_type": {
        "Đất đấu giá/Đất thổ cư": {
            "count": 318603,
            "max_price": 4750000128000000000,
            "min_price": -86000000,
            "avg_price": 3429040393745552.5
        },
        "Nhà riêng": {
            "count": 432243,
            "max_price": 8000000000000000000,
            "min_price": -43500000000,
            "avg_price": 4.7151261890107544e+16
        },
        "biệt thự": {
            "count": 1358,
            "max_price": 800000000000,
            "min_price": 11610000,
            "avg_price": 18211545554.66238
        },
        "Biệt thự": {
            "count": 62126,
            "max_price": 5800000000000000000,
            "min_price": -3700000000,
            "avg_price": 429124373472429.6
        },
        "Chung cư": {
            "count": 181260,
            "max_price": 8999999488000000000,
            "min_price": -850000000000,
            "avg_price": 1.6648781923830973e+17
        },
        "nha-mat-pho": {
            "count": 64158,
            "max_price": 18500000000000,
            "min_price": -3800000000,
            "avg_price": 16141944070.65286
        },
        "nhà riêng": {
            "count": 2964,
            "max_price": 270000000000,
            "min_price": 10000000,
            "avg_price": 7255705976.216648
        },
        "Shophouse": {
            "count": 7755,
            "max_price": 3400000000000,
            "min_price": 1410000,
            "avg_price": 17120735256.283432
        },
        "kho-nha-xuong": {
            "count": 13,
            "max_price": 185000000000,
            "min_price": 8700000,
            "avg_price": 17192225000.0
        },
        "nhà mặt phố": {
            "count": 2221,
            "max_price": 800000000000,
            "min_price": 3734500,
            "avg_price": 27685672680.454765
        },
        "shophouse": {
            "count": 430,
            "max_price": 139000000000,
            "min_price": 31000000,
            "avg_price": 8978844711.77945
        },
        "homestay": {
            "count": 3,
            "max_price": 142000000000,
            "min_price": 3200000000,
            "avg_price": 52666666666.666664
        },
        "bat-dong-san-thuong-mai": {
            "count": 2,
            "max_price": 103000000000,
            "min_price": 24500000000,
            "avg_price": 63750000000.0
        },
        "san-van-phong": {
            "count": 1,
            "max_price": 7900000000,
            "min_price": 7900000000,
            "avg_price": 7900000000.0
        },
        "Khác": {
            "count": 17497,
            "max_price": 17500000000000,
            "min_price": 0,
            "avg_price": 40911223391.68115
        },
        "Đất dự án": {
            "count": 21197,
            "max_price": 2000000000000000000,
            "min_price": 1950000,
            "avg_price": 4665861239966082.0
        },
        "Nhà ngõ, hẻm": {
            "count": 44667,
            "max_price": 640000000000,
            "min_price": 2190000,
            "avg_price": 7572910918.98735
        },
        "Nhà phố liền kề": {
            "count": 3217,
            "max_price": 320000000000,
            "min_price": 20500000,
            "avg_price": 9070137239.02549
        },
        "Nhà mặt phố, mặt tiền": {
            "count": 18114,
            "max_price": 850000000000,
            "min_price": 26000000,
            "avg_price": 11608381823.051893
        },
        "Tập thể, cư xá": {
            "count": 1762,
            "max_price": 157000000000,
            "min_price": 2550000,
            "avg_price": 3388794661.1634507
        },
        "Căn hộ dịch vụ, mini": {
            "count": 866,
            "max_price": 82000000000,
            "min_price": 3000000,
            "avg_price": 8958705874.128176
        },
        "Đất thổ cư": {
            "count": 29659,
            "max_price": 870000000000,
            "min_price": 5600000,
            "avg_price": 4840290016.581453
        },
        "null": {
            "count": 87186,
            "max_price": 2500000000000000000,
            "min_price": 1000000,
            "avg_price": 8097384488322704.0
        },
        "Nhà biệt thự": {
            "count": 1370,
            "max_price": 520000000000,
            "min_price": 100000000,
            "avg_price": 22663689051.08467
        },
        "Duplex": {
            "count": 90,
            "max_price": 92000000000,
            "min_price": 14500000,
            "avg_price": 9732738888.88889
        },
        "Đất công nghiệp": {
            "count": 310,
            "max_price": 360000000000,
            "min_price": 125000000,
            "avg_price": 15963832258.06129
        },
        "Đất nông nghiệp": {
            "count": 3736,
            "max_price": 733505000000,
            "min_price": 1000000,
            "avg_price": 4416529701.324464
        },
        "Đất nền dự án": {
            "count": 2839,
            "max_price": 4500000000000,
            "min_price": 6000000,
            "avg_price": 7599062646.691176
        },
        "Officetel": {
            "count": 28,
            "max_price": 33000000000,
            "min_price": 2000000,
            "avg_price": 3689548214.285714
        },
        "Penthouse": {
            "count": 68,
            "max_price": 52000000000,
            "min_price": 3666000,
            "avg_price": 10507024500.0
        },
        "Nhà mặt phố": {
            "count": 37742,
            "max_price": 7850000000000000000,
            "min_price": 0,
            "avg_price": 271363631754643.0
        },
        "Căn hộ chung cư": {
            "count": 115,
            "max_price": 9900000000000,
            "min_price": 550000000,
            "avg_price": 347192205882.35297
        },
        "Nhà trong ngõ": {
            "count": 496,
            "max_price": 8980000000000,
            "min_price": 285600000,
            "avg_price": 90111617600.0
        },
        "Nhà biệt thự, liền kề": {
            "count": 111,
            "max_price": 520000000000,
            "min_price": 65000000,
            "avg_price": 43715812500.0
        },
        "Nhà đất thổ cư": {
            "count": 628,
            "max_price": 5000000000000,
            "min_price": 7000000,
            "avg_price": 38272024596.15385
        },
        "Nhà hàng, khách sạn, resort": {
            "count": 13,
            "max_price": 1000000000000,
            "min_price": 200000000000,
            "avg_price": 634500000000.0
        },
        "Nhà trọ, phòng trọ": {
            "count": 69,
            "max_price": 1750000000000,
            "min_price": 1500000000,
            "avg_price": 61178157894.73684
        },
        "Văn phòng, TTTM, Cửa hàng, Kiot": {
            "count": 11,
            "max_price": 520000000000,
            "min_price": 4500000000,
            "avg_price": 165325000000.0
        },
        "Đất nông nghiệp, đất vườn": {
            "count": 80,
            "max_price": 2600000000000,
            "min_price": 330000000,
            "avg_price": 56403448717.948715
        },
        "ShopHouse": {
            "count": 7,
            "max_price": 7000000000,
            "min_price": 70000000,
            "avg_price": 5234000000.0
        },
        "Không có loại bất động sản": {
            "count": 2629,
            "max_price": 0,
            "min_price": 0,
            "avg_price": 0.0
        },
        "Đất trang trại": {
            "count": 10,
            "max_price": 150000000000,
            "min_price": 400000000,
            "avg_price": 23028571428.57143
        },